<?xml version="1.0" encoding="UTF-8"?>
<metadata xml:lang="en"><Esri><CreaDate>20170911</CreaDate><CreaTime>00300900</CreaTime><ArcGISFormat>1.0</ArcGISFormat><ArcGISstyle>FGDC CSDGM Metadata</ArcGISstyle><SyncOnce>TRUE</SyncOnce><DataProperties><lineage><Process ToolSource="c:\program files (x86)\arcgis\desktop10.2\ArcToolbox\Toolboxes\Analysis Tools.tbx\SpatialJoin" Date="20170911" Time="001004">SpatialJoin "chicago_listings Events" Police_Districts_NO "C:\Users\bgardener\Music\tutorial3data\district joined.shp" JOIN_ONE_TO_ONE KEEP_ALL "id "id" true true false 9 Long 0 9 ,First,#,C:\Users\bgardener\Music\lab3\chicago_listings_Features.shp,id,-1,-1;name "name" true true false 254 Text 0 0 ,First,#,C:\Users\bgardener\Music\lab3\chicago_listings_Features.shp,name,-1,-1;host_id "host_id" true true false 9 Long 0 9 ,First,#,C:\Users\bgardener\Music\lab3\chicago_listings_Features.shp,host_id,-1,-1;host_name "host_name" true true false 254 Text 0 0 ,First,#,C:\Users\bgardener\Music\lab3\chicago_listings_Features.shp,host_name,-1,-1;neighbourh "neighbourh" true true false 254 Text 0 0 ,First,#,C:\Users\bgardener\Music\lab3\chicago_listings_Features.shp,neighbourh,-1,-1;neighbou_1 "neighbou_1" true true false 254 Text 0 0 ,First,#,C:\Users\bgardener\Music\lab3\chicago_listings_Features.shp,neighbou_1,-1,-1;latitude "latitude" true true false 19 Double 0 0 ,First,#,C:\Users\bgardener\Music\lab3\chicago_listings_Features.shp,latitude,-1,-1;longitude "longitude" true true false 19 Double 0 0 ,First,#,C:\Users\bgardener\Music\lab3\chicago_listings_Features.shp,longitude,-1,-1;room_type "room_type" true true false 254 Text 0 0 ,First,#,C:\Users\bgardener\Music\lab3\chicago_listings_Features.shp,room_type,-1,-1;price "price" true true false 9 Long 0 9 ,First,#,C:\Users\bgardener\Music\lab3\chicago_listings_Features.shp,price,-1,-1;minimum_ni "minimum_ni" true true false 9 Long 0 9 ,First,#,C:\Users\bgardener\Music\lab3\chicago_listings_Features.shp,minimum_ni,-1,-1;number_of_ "number_of_" true true false 9 Long 0 9 ,First,#,C:\Users\bgardener\Music\lab3\chicago_listings_Features.shp,number_of_,-1,-1;last_revie "last_revie" true true false 8 Date 0 0 ,First,#,C:\Users\bgardener\Music\lab3\chicago_listings_Features.shp,last_revie,-1,-1;reviews_pe "reviews_pe" true true false 19 Double 0 0 ,First,#,C:\Users\bgardener\Music\lab3\chicago_listings_Features.shp,reviews_pe,-1,-1;calculated "calculated" true true false 9 Long 0 9 ,First,#,C:\Users\bgardener\Music\lab3\chicago_listings_Features.shp,calculated,-1,-1;availabili "availabili" true true false 9 Long 0 9 ,First,#,C:\Users\bgardener\Music\lab3\chicago_listings_Features.shp,availabili,-1,-1;DISTRICT "DISTRICT" true true false 254 Text 0 0 ,First,#,C:\Users\bgardener\Music\tutorial3data\Police_Districts_NO.shp,DISTRICT,-1,-1" INTERSECT # #</Process></lineage></DataProperties></Esri></metadata>
