<?xml version="1.0" encoding="UTF-8"?>
<metadata xml:lang="en"><Esri><CreaDate>20170911</CreaDate><CreaTime>00291700</CreaTime><ArcGISFormat>1.0</ArcGISFormat><ArcGISstyle>FGDC CSDGM Metadata</ArcGISstyle><SyncOnce>FALSE</SyncOnce><DataProperties><itemProps><itemName Sync="TRUE">CHICAGO_HOMICIDES_AND_OTHER_CRIMES</itemName><imsContentType Sync="TRUE">002</imsContentType><itemSize Sync="TRUE">0.000</itemSize><itemLocation><linkage Sync="TRUE">file://\\MIDD-16716\C$\Users\bgardener\Music\lab3\CHICAGO_HOMICIDES_AND_OTHER_CRIMES.shp</linkage><protocol Sync="TRUE">Local Area Network</protocol></itemLocation></itemProps><coordRef><type Sync="TRUE">Geographic</type><geogcsn Sync="TRUE">WGS 84</geogcsn><csUnits Sync="TRUE">Angular Unit: degree (0.017453)</csUnits><peXml Sync="TRUE">&lt;GeographicCoordinateSystem xsi:type='typens:GeographicCoordinateSystem' xmlns:xsi='http://www.w3.org/2001/XMLSchema-instance' xmlns:xs='http://www.w3.org/2001/XMLSchema' xmlns:typens='http://www.esri.com/schemas/ArcGIS/10.1'&gt;&lt;WKT&gt;GEOGCS[&amp;quot;WGS 84&amp;quot;,DATUM[&amp;quot;World Geodetic System 1984&amp;quot;,SPHEROID[&amp;quot;WGS 84&amp;quot;,6378137.0,298.257223563]],PRIMEM[&amp;quot;Greenwich&amp;quot;,0.0],UNIT[&amp;quot;degree&amp;quot;,0.0174532925199433],AUTHORITY[&amp;quot;EPSG&amp;quot;,4326]]&lt;/WKT&gt;&lt;XOrigin&gt;-400&lt;/XOrigin&gt;&lt;YOrigin&gt;-400&lt;/YOrigin&gt;&lt;XYScale&gt;11258999068426.238&lt;/XYScale&gt;&lt;ZOrigin&gt;-100000&lt;/ZOrigin&gt;&lt;ZScale&gt;10000&lt;/ZScale&gt;&lt;MOrigin&gt;-100000&lt;/MOrigin&gt;&lt;MScale&gt;10000&lt;/MScale&gt;&lt;XYTolerance&gt;8.983152841195215e-009&lt;/XYTolerance&gt;&lt;ZTolerance&gt;0.001&lt;/ZTolerance&gt;&lt;MTolerance&gt;0.001&lt;/MTolerance&gt;&lt;HighPrecision&gt;true&lt;/HighPrecision&gt;&lt;LeftLongitude&gt;-180&lt;/LeftLongitude&gt;&lt;/GeographicCoordinateSystem&gt;</peXml></coordRef><lineage><Process ToolSource="c:\program files (x86)\arcgis\desktop10.2\ArcToolbox\Toolboxes\Analysis Tools.tbx\SpatialJoin" Date="20170911" Time="002220">SpatialJoin CHICAGOHOMICIDESANDOTHERCRIMES POLICEDISTRICTSUSE C:\Users\bgardener\Music\lab3\CHICAGO_HOMICIDES_AND_OTHER_CRIMES.shp JOIN_ONE_TO_ONE KEEP_ALL "CASE_ "CASE_" true true false 254 Text 0 0 ,First,#,C:\Users\bgardener\Music\tutorial3data\CHICAGOHOMICIDESANDOTHERCRIMES.shp,CASE_,-1,-1;DATE__OF_O "DATE__OF_O" true true false 8 Date 0 0 ,First,#,C:\Users\bgardener\Music\tutorial3data\CHICAGOHOMICIDESANDOTHERCRIMES.shp,DATE__OF_O,-1,-1;BLOCK "BLOCK" true true false 254 Text 0 0 ,First,#,C:\Users\bgardener\Music\tutorial3data\CHICAGOHOMICIDESANDOTHERCRIMES.shp,BLOCK,-1,-1;IUCR "IUCR" true true false 9 Long 0 9 ,First,#,C:\Users\bgardener\Music\tutorial3data\CHICAGOHOMICIDESANDOTHERCRIMES.shp,IUCR,-1,-1;PRIMARY_DE "PRIMARY_DE" true true false 254 Text 0 0 ,First,#,C:\Users\bgardener\Music\tutorial3data\CHICAGOHOMICIDESANDOTHERCRIMES.shp,PRIMARY_DE,-1,-1;SECONDARY "SECONDARY" true true false 254 Text 0 0 ,First,#,C:\Users\bgardener\Music\tutorial3data\CHICAGOHOMICIDESANDOTHERCRIMES.shp,SECONDARY,-1,-1;LOCATION_D "LOCATION_D" true true false 254 Text 0 0 ,First,#,C:\Users\bgardener\Music\tutorial3data\CHICAGOHOMICIDESANDOTHERCRIMES.shp,LOCATION_D,-1,-1;ARREST "ARREST" true true false 254 Text 0 0 ,First,#,C:\Users\bgardener\Music\tutorial3data\CHICAGOHOMICIDESANDOTHERCRIMES.shp,ARREST,-1,-1;DOMESTIC "DOMESTIC" true true false 254 Text 0 0 ,First,#,C:\Users\bgardener\Music\tutorial3data\CHICAGOHOMICIDESANDOTHERCRIMES.shp,DOMESTIC,-1,-1;BEAT "BEAT" true true false 9 Long 0 9 ,First,#,C:\Users\bgardener\Music\tutorial3data\CHICAGOHOMICIDESANDOTHERCRIMES.shp,BEAT,-1,-1;WARD "WARD" true true false 9 Long 0 9 ,First,#,C:\Users\bgardener\Music\tutorial3data\CHICAGOHOMICIDESANDOTHERCRIMES.shp,WARD,-1,-1;FBI_CD "FBI_CD" true true false 254 Text 0 0 ,First,#,C:\Users\bgardener\Music\tutorial3data\CHICAGOHOMICIDESANDOTHERCRIMES.shp,FBI_CD,-1,-1;X_COORDINA "X_COORDINA" true true false 9 Long 0 9 ,First,#,C:\Users\bgardener\Music\tutorial3data\CHICAGOHOMICIDESANDOTHERCRIMES.shp,X_COORDINA,-1,-1;Y_COORDINA "Y_COORDINA" true true false 9 Long 0 9 ,First,#,C:\Users\bgardener\Music\tutorial3data\CHICAGOHOMICIDESANDOTHERCRIMES.shp,Y_COORDINA,-1,-1;LATITUDE "LATITUDE" true true false 19 Double 0 0 ,First,#,C:\Users\bgardener\Music\tutorial3data\CHICAGOHOMICIDESANDOTHERCRIMES.shp,LATITUDE,-1,-1;LONGITUDE "LONGITUDE" true true false 19 Double 0 0 ,First,#,C:\Users\bgardener\Music\tutorial3data\CHICAGOHOMICIDESANDOTHERCRIMES.shp,LONGITUDE,-1,-1;LOCATION "LOCATION" true true false 254 Text 0 0 ,First,#,C:\Users\bgardener\Music\tutorial3data\CHICAGOHOMICIDESANDOTHERCRIMES.shp,LOCATION,-1,-1;DISTRICT "DISTRICT" true true false 254 Text 0 0 ,First,#,C:\Users\bgardener\Music\tutorial3data\Police_Districts_NO.shp,Police_Districts_NO.DISTRICT,-1,-1;summarizedistrictsbyaverageprice_OID "summarizedistrictsbyaverageprice_OID" false true false 4 Long 0 9 ,First,#,C:\Users\bgardener\Music\tutorial3data\Police_Districts_NO.shp,summarizedistrictsbyaverageprice.OID,-1,-1;summarizedistrictsbyaverageprice_DISTRICT "DISTRICT" true true false 254 Text 0 0 ,First,#,C:\Users\bgardener\Music\tutorial3data\Police_Districts_NO.shp,summarizedistrictsbyaverageprice.DISTRICT,-1,-1;summarizedistrictsbyaverageprice_Cnt_DISTRI "Count_DISTRICT" true true false 9 Long 0 9 ,First,#,C:\Users\bgardener\Music\tutorial3data\Police_Districts_NO.shp,summarizedistrictsbyaverageprice.Cnt_DISTRI,-1,-1;summarizedistrictsbyaverageprice_Ave_price "Average_price" true true false 19 Double 4 18 ,First,#,C:\Users\bgardener\Music\tutorial3data\Police_Districts_NO.shp,summarizedistrictsbyaverageprice.Ave_price,-1,-1" INTERSECT # #</Process><Process ToolSource="c:\program files (x86)\arcgis\desktop10.7\ArcToolbox\Toolboxes\Data Management Tools.tbx\DeleteField" Date="20200210" Time="165058">DeleteField C:\Users\tug30201\Documents\Hachadoorian\Lab4\Selected_Crimes_in_Chicago.shp summarized;summariz_1;summariz_2;summariz_3</Process></lineage></DataProperties><SyncDate>20170911</SyncDate><SyncTime>00221900</SyncTime><ModDate>20170911</ModDate><ModTime>00221900</ModTime></Esri><dataIdInfo><envirDesc Sync="TRUE">Microsoft Windows 7 Version 6.1 (Build 7601) Service Pack 1; Esri ArcGIS 10.2.0.3348</envirDesc><dataLang><languageCode value="eng" Sync="TRUE"></languageCode><countryCode value="USA" Sync="TRUE"></countryCode></dataLang><idCitation><resTitle Sync="TRUE">CHICAGO_HOMICIDES_AND_OTHER_CRIMES</resTitle><presForm><PresFormCd value="005" Sync="TRUE"></PresFormCd></presForm></idCitation><spatRpType><SpatRepTypCd value="001" Sync="TRUE"></SpatRepTypCd></spatRpType></dataIdInfo><mdLang><languageCode value="eng" Sync="TRUE"></languageCode><countryCode value="USA" Sync="TRUE"></countryCode></mdLang><mdChar><CharSetCd value="004" Sync="TRUE"></CharSetCd></mdChar><distInfo><distFormat><formatName Sync="TRUE">Shapefile</formatName></distFormat><distTranOps><transSize Sync="TRUE">0.000</transSize></distTranOps></distInfo><mdHrLv><ScopeCd value="005" Sync="TRUE"></ScopeCd></mdHrLv><mdHrLvName Sync="TRUE">dataset</mdHrLvName><refSysInfo><RefSystem><refSysID><identCode code="4326" Sync="TRUE"></identCode><idCodeSpace Sync="TRUE">EPSG</idCodeSpace><idVersion Sync="TRUE">8.1.1</idVersion></refSysID></RefSystem></refSysInfo><spatRepInfo><VectSpatRep><geometObjs Name="CHICAGO_HOMICIDES_AND_OTHER_CRIMES"><geoObjTyp><GeoObjTypCd value="004" Sync="TRUE"></GeoObjTypCd></geoObjTyp><geoObjCnt Sync="TRUE">0</geoObjCnt></geometObjs><topLvl><TopoLevCd value="001" Sync="TRUE"></TopoLevCd></topLvl></VectSpatRep></spatRepInfo><spdoinfo><ptvctinf><esriterm Name="CHICAGO_HOMICIDES_AND_OTHER_CRIMES"><efeatyp Sync="TRUE">Simple</efeatyp><efeageom code="1" Sync="TRUE"></efeageom><esritopo Sync="TRUE">FALSE</esritopo><efeacnt Sync="TRUE">0</efeacnt><spindex Sync="TRUE">FALSE</spindex><linrefer Sync="TRUE">FALSE</linrefer></esriterm></ptvctinf></spdoinfo><eainfo><detailed Name="CHICAGO_HOMICIDES_AND_OTHER_CRIMES"><enttyp><enttypl Sync="TRUE">CHICAGO_HOMICIDES_AND_OTHER_CRIMES</enttypl><enttypt Sync="TRUE">Feature Class</enttypt><enttypc Sync="TRUE">0</enttypc></enttyp><attr><attrlabl Sync="TRUE">FID</attrlabl><attalias Sync="TRUE">FID</attalias><attrtype Sync="TRUE">OID</attrtype><attwidth Sync="TRUE">4</attwidth><atprecis Sync="TRUE">0</atprecis><attscale Sync="TRUE">0</attscale><attrdef Sync="TRUE">Internal feature number.</attrdef><attrdefs Sync="TRUE">Esri</attrdefs><attrdomv><udom Sync="TRUE">Sequential unique whole numbers that are automatically generated.</udom></attrdomv></attr><attr><attrlabl Sync="TRUE">Shape</attrlabl><attalias Sync="TRUE">Shape</attalias><attrtype Sync="TRUE">Geometry</attrtype><attwidth Sync="TRUE">0</attwidth><atprecis Sync="TRUE">0</atprecis><attscale Sync="TRUE">0</attscale><attrdef Sync="TRUE">Feature geometry.</attrdef><attrdefs Sync="TRUE">Esri</attrdefs><attrdomv><udom Sync="TRUE">Coordinates defining the features.</udom></attrdomv></attr><attr><attrlabl Sync="TRUE">Join_Count</attrlabl><attalias Sync="TRUE">Join_Count</attalias><attrtype Sync="TRUE">Integer</attrtype><attwidth Sync="TRUE">9</attwidth><atprecis Sync="TRUE">9</atprecis><attscale Sync="TRUE">0</attscale></attr><attr><attrlabl Sync="TRUE">TARGET_FID</attrlabl><attalias Sync="TRUE">TARGET_FID</attalias><attrtype Sync="TRUE">Integer</attrtype><attwidth Sync="TRUE">9</attwidth><atprecis Sync="TRUE">9</atprecis><attscale Sync="TRUE">0</attscale></attr><attr><attrlabl Sync="TRUE">CASE_</attrlabl><attalias Sync="TRUE">CASE_</attalias><attrtype Sync="TRUE">String</attrtype><attwidth Sync="TRUE">254</attwidth><atprecis Sync="TRUE">0</atprecis><attscale Sync="TRUE">0</attscale></attr><attr><attrlabl Sync="TRUE">DATE__OF_O</attrlabl><attalias Sync="TRUE">DATE__OF_O</attalias><attrtype Sync="TRUE">Date</attrtype><attwidth Sync="TRUE">8</attwidth><atprecis Sync="TRUE">0</atprecis><attscale Sync="TRUE">0</attscale></attr><attr><attrlabl Sync="TRUE">BLOCK</attrlabl><attalias Sync="TRUE">BLOCK</attalias><attrtype Sync="TRUE">String</attrtype><attwidth Sync="TRUE">254</attwidth><atprecis Sync="TRUE">0</atprecis><attscale Sync="TRUE">0</attscale></attr><attr><attrlabl Sync="TRUE">IUCR</attrlabl><attalias Sync="TRUE">IUCR</attalias><attrtype Sync="TRUE">Integer</attrtype><attwidth Sync="TRUE">9</attwidth><atprecis Sync="TRUE">9</atprecis><attscale Sync="TRUE">0</attscale></attr><attr><attrlabl Sync="TRUE">PRIMARY_DE</attrlabl><attalias Sync="TRUE">PRIMARY_DE</attalias><attrtype Sync="TRUE">String</attrtype><attwidth Sync="TRUE">254</attwidth><atprecis Sync="TRUE">0</atprecis><attscale Sync="TRUE">0</attscale></attr><attr><attrlabl Sync="TRUE">SECONDARY</attrlabl><attalias Sync="TRUE">SECONDARY</attalias><attrtype Sync="TRUE">String</attrtype><attwidth Sync="TRUE">254</attwidth><atprecis Sync="TRUE">0</atprecis><attscale Sync="TRUE">0</attscale></attr><attr><attrlabl Sync="TRUE">LOCATION_D</attrlabl><attalias Sync="TRUE">LOCATION_D</attalias><attrtype Sync="TRUE">String</attrtype><attwidth Sync="TRUE">254</attwidth><atprecis Sync="TRUE">0</atprecis><attscale Sync="TRUE">0</attscale></attr><attr><attrlabl Sync="TRUE">ARREST</attrlabl><attalias Sync="TRUE">ARREST</attalias><attrtype Sync="TRUE">String</attrtype><attwidth Sync="TRUE">254</attwidth><atprecis Sync="TRUE">0</atprecis><attscale Sync="TRUE">0</attscale></attr><attr><attrlabl Sync="TRUE">DOMESTIC</attrlabl><attalias Sync="TRUE">DOMESTIC</attalias><attrtype Sync="TRUE">String</attrtype><attwidth Sync="TRUE">254</attwidth><atprecis Sync="TRUE">0</atprecis><attscale Sync="TRUE">0</attscale></attr><attr><attrlabl Sync="TRUE">BEAT</attrlabl><attalias Sync="TRUE">BEAT</attalias><attrtype Sync="TRUE">Integer</attrtype><attwidth Sync="TRUE">9</attwidth><atprecis Sync="TRUE">9</atprecis><attscale Sync="TRUE">0</attscale></attr><attr><attrlabl Sync="TRUE">WARD</attrlabl><attalias Sync="TRUE">WARD</attalias><attrtype Sync="TRUE">Integer</attrtype><attwidth Sync="TRUE">9</attwidth><atprecis Sync="TRUE">9</atprecis><attscale Sync="TRUE">0</attscale></attr><attr><attrlabl Sync="TRUE">FBI_CD</attrlabl><attalias Sync="TRUE">FBI_CD</attalias><attrtype Sync="TRUE">String</attrtype><attwidth Sync="TRUE">254</attwidth><atprecis Sync="TRUE">0</atprecis><attscale Sync="TRUE">0</attscale></attr><attr><attrlabl Sync="TRUE">X_COORDINA</attrlabl><attalias Sync="TRUE">X_COORDINA</attalias><attrtype Sync="TRUE">Integer</attrtype><attwidth Sync="TRUE">9</attwidth><atprecis Sync="TRUE">9</atprecis><attscale Sync="TRUE">0</attscale></attr><attr><attrlabl Sync="TRUE">Y_COORDINA</attrlabl><attalias Sync="TRUE">Y_COORDINA</attalias><attrtype Sync="TRUE">Integer</attrtype><attwidth Sync="TRUE">9</attwidth><atprecis Sync="TRUE">9</atprecis><attscale Sync="TRUE">0</attscale></attr><attr><attrlabl Sync="TRUE">LATITUDE</attrlabl><attalias Sync="TRUE">LATITUDE</attalias><attrtype Sync="TRUE">Double</attrtype><attwidth Sync="TRUE">19</attwidth><atprecis Sync="TRUE">0</atprecis><attscale Sync="TRUE">0</attscale></attr><attr><attrlabl Sync="TRUE">LONGITUDE</attrlabl><attalias Sync="TRUE">LONGITUDE</attalias><attrtype Sync="TRUE">Double</attrtype><attwidth Sync="TRUE">19</attwidth><atprecis Sync="TRUE">0</atprecis><attscale Sync="TRUE">0</attscale></attr><attr><attrlabl Sync="TRUE">LOCATION</attrlabl><attalias Sync="TRUE">LOCATION</attalias><attrtype Sync="TRUE">String</attrtype><attwidth Sync="TRUE">254</attwidth><atprecis Sync="TRUE">0</atprecis><attscale Sync="TRUE">0</attscale></attr><attr><attrlabl Sync="TRUE">DISTRICT</attrlabl><attalias Sync="TRUE">DISTRICT</attalias><attrtype Sync="TRUE">String</attrtype><attwidth Sync="TRUE">254</attwidth><atprecis Sync="TRUE">0</atprecis><attscale Sync="TRUE">0</attscale></attr><attr><attrlabl Sync="TRUE">summarized</attrlabl><attalias Sync="TRUE">summarized</attalias><attrtype Sync="TRUE">Integer</attrtype><attwidth Sync="TRUE">9</attwidth><atprecis Sync="TRUE">9</atprecis><attscale Sync="TRUE">0</attscale></attr><attr><attrlabl Sync="TRUE">summariz_1</attrlabl><attalias Sync="TRUE">summariz_1</attalias><attrtype Sync="TRUE">String</attrtype><attwidth Sync="TRUE">254</attwidth><atprecis Sync="TRUE">0</atprecis><attscale Sync="TRUE">0</attscale></attr><attr><attrlabl Sync="TRUE">summariz_2</attrlabl><attalias Sync="TRUE">summariz_2</attalias><attrtype Sync="TRUE">Integer</attrtype><attwidth Sync="TRUE">9</attwidth><atprecis Sync="TRUE">9</atprecis><attscale Sync="TRUE">0</attscale></attr><attr><attrlabl Sync="TRUE">summariz_3</attrlabl><attalias Sync="TRUE">summariz_3</attalias><attrtype Sync="TRUE">Double</attrtype><attwidth Sync="TRUE">19</attwidth><atprecis Sync="TRUE">18</atprecis><attscale Sync="TRUE">4</attscale></attr></detailed></eainfo><mdDateSt Sync="TRUE">20170911</mdDateSt></metadata>
